,Date,Unit Sold,Item
0,2010-01-01,30,it1000892
1,2010-01-01,19,it1001298
3,2010-01-02,14,it1000892
4,2010-01-02,19,it1001298
6,2010-01-03,20,it1000892
7,2010-01-03,44,it1001298
9,2010-01-04,28,it1000892
10,2010-01-04,28,it1001298
12,2010-01-05,37,it1000892
13,2010-01-05,11,it1001298
15,2010-01-06,13,it1000892
16,2010-01-06,32,it1001298
18,2010-01-07,34,it1000892
19,2010-01-07,26,it1001298
21,2010-01-08,48,it1000892
22,2010-01-08,45,it1001298
24,2010-01-09,19,it1000892
25,2010-01-09,44,it1001298
27,2010-01-10,37,it1000892
28,2010-01-10,18,it1001298
30,2010-01-11,36,it1000892
31,2010-01-11,17,it1001298
33,2010-01-12,43,it1000892
34,2010-01-12,19,it1001298
36,2010-01-13,21,it1000892
37,2010-01-13,12,it1001298
39,2010-01-14,30,it1000892
40,2010-01-14,45,it1001298
42,2010-01-15,36,it1000892
43,2010-01-15,45,it1001298
45,2010-01-16,16,it1000892
46,2010-01-16,44,it1001298
48,2010-01-17,44,it1000892
49,2010-01-17,25,it1001298
51,2010-01-18,26,it1000892
52,2010-01-18,31,it1001298
54,2010-01-19,27,it1000892
55,2010-01-19,15,it1001298
57,2010-01-20,25,it1000892
58,2010-01-20,47,it1001298
60,2010-01-21,19,it1000892
61,2010-01-21,30,it1001298
63,2010-01-22,25,it1000892
64,2010-01-22,35,it1001298
66,2010-01-23,38,it1000892
67,2010-01-23,48,it1001298
69,2010-01-24,23,it1000892
70,2010-01-24,14,it1001298
72,2010-01-25,50,it1000892
73,2010-01-25,30,it1001298
75,2010-01-26,47,it1000892
76,2010-01-26,14,it1001298
78,2010-01-27,31,it1000892
79,2010-01-27,18,it1001298
81,2010-01-28,15,it1000892
82,2010-01-28,25,it1001298
84,2010-01-29,27,it1000892
85,2010-01-29,12,it1001298
87,2010-01-30,28,it1000892
88,2010-01-30,12,it1001298
90,2010-01-31,15,it1000892
91,2010-01-31,13,it1001298
93,2010-02-01,11,it1000892
94,2010-02-01,21,it1001298
96,2010-02-02,15,it1000892
97,2010-02-02,24,it1001298
99,2010-02-03,48,it1000892
100,2010-02-03,16,it1001298
102,2010-02-04,17,it1000892
103,2010-02-04,46,it1001298
105,2010-02-05,13,it1000892
106,2010-02-05,31,it1001298
108,2010-02-06,23,it1000892
109,2010-02-06,38,it1001298
111,2010-02-07,56,it1000892
112,2010-02-07,84,it1001298
114,2010-02-08,82,it1000892
115,2010-02-08,135,it1001298
117,2010-02-09,30,it1000892
118,2010-02-09,93,it1001298
120,2010-02-10,68,it1000892
121,2010-02-10,33,it1001298
123,2010-02-11,96,it1000892
124,2010-02-11,147,it1001298
126,2010-02-12,84,it1000892
127,2010-02-12,69,it1001298
129,2010-02-13,20,it1000892
130,2010-02-13,111,it1001298
132,2010-02-14,64,it1000892
133,2010-02-14,99,it1001298
135,2010-02-15,38,it1000892
136,2010-02-15,45,it1001298
138,2010-02-16,30,it1000892
139,2010-02-16,102,it1001298
141,2010-02-17,52,it1000892
142,2010-02-17,48,it1001298
144,2010-02-18,22,it1000892
145,2010-02-18,30,it1001298
147,2010-02-19,78,it1000892
148,2010-02-19,84,it1001298
150,2010-02-20,52,it1000892
151,2010-02-20,105,it1001298
153,2010-02-21,92,it1000892
154,2010-02-21,58,it1001298
156,2010-02-22,96,it1000892
157,2010-02-22,20,it1001298
159,2010-02-23,94,it1000892
160,2010-02-23,48,it1001298
162,2010-02-24,44,it1000892
163,2010-02-24,20,it1001298
165,2010-02-25,28,it1000892
166,2010-02-25,46,it1001298
168,2010-02-26,20,it1000892
169,2010-02-26,41,it1001298
171,2010-02-27,19,it1000892
172,2010-02-27,29,it1001298
174,2010-02-28,28,it1000892
175,2010-02-28,47,it1001298
177,2010-03-01,17,it1000892
178,2010-03-01,38,it1001298
180,2010-03-02,13,it1000892
181,2010-03-02,39,it1001298
183,2010-03-03,29,it1000892
184,2010-03-03,42,it1001298
186,2010-03-04,27,it1000892
187,2010-03-04,30,it1001298
189,2010-03-05,22,it1000892
190,2010-03-05,48,it1001298
192,2010-03-06,35,it1000892
193,2010-03-06,12,it1001298
195,2010-03-07,22,it1000892
196,2010-03-07,15,it1001298
198,2010-03-08,26,it1000892
199,2010-03-08,37,it1001298
201,2010-03-09,45,it1000892
202,2010-03-09,26,it1001298
204,2010-03-10,22,it1000892
205,2010-03-10,37,it1001298
207,2010-03-11,21,it1000892
208,2010-03-11,16,it1001298
210,2010-03-12,11,it1000892
211,2010-03-12,44,it1001298
213,2010-03-13,33,it1000892
214,2010-03-13,24,it1001298
216,2010-03-14,45,it1000892
217,2010-03-14,42,it1001298
219,2010-03-15,45,it1000892
220,2010-03-15,32,it1001298
222,2010-03-16,46,it1000892
223,2010-03-16,22,it1001298
225,2010-03-17,40,it1000892
226,2010-03-17,13,it1001298
228,2010-03-18,17,it1000892
229,2010-03-18,50,it1001298
231,2010-03-19,44,it1000892
232,2010-03-19,26,it1001298
234,2010-03-20,25,it1000892
235,2010-03-20,32,it1001298
237,2010-03-21,15,it1000892
238,2010-03-21,52,it1001298
240,2010-03-22,60,it1000892
241,2010-03-22,21,it1001298
243,2010-03-23,64,it1000892
244,2010-03-23,61,it1001298
246,2010-03-24,39,it1000892
247,2010-03-24,24,it1001298
249,2010-03-25,45,it1000892
250,2010-03-25,54,it1001298
252,2010-03-26,49,it1000892
253,2010-03-26,42,it1001298
255,2010-03-27,57,it1000892
256,2010-03-27,28,it1001298
258,2010-03-28,25,it1000892
259,2010-03-28,40,it1001298
261,2010-03-29,36,it1000892
262,2010-03-29,22,it1001298
264,2010-03-30,51,it1000892
265,2010-03-30,60,it1001298
267,2010-03-31,61,it1000892
268,2010-03-31,31,it1001298
270,2010-04-01,67,it1000892
271,2010-04-01,37,it1001298
273,2010-04-02,25,it1000892
274,2010-04-02,18,it1001298
276,2010-04-03,42,it1000892
277,2010-04-03,19,it1001298
279,2010-04-04,64,it1000892
280,2010-04-04,61,it1001298
282,2010-04-05,21,it1000892
283,2010-04-05,31,it1001298
285,2010-04-06,75,it1000892
286,2010-04-06,72,it1001298
288,2010-04-07,48,it1000892
289,2010-04-07,27,it1001298
291,2010-04-08,72,it1000892
292,2010-04-08,58,it1001298
294,2010-04-09,73,it1000892
295,2010-04-09,22,it1001298
297,2010-04-10,37,it1000892
298,2010-04-10,37,it1001298
300,2010-04-11,25,it1000892
301,2010-04-11,60,it1001298
303,2010-04-12,31,it1000892
304,2010-04-12,43,it1001298
306,2010-04-13,16,it1000892
307,2010-04-13,35,it1001298
309,2010-04-14,37,it1000892
310,2010-04-14,24,it1001298
312,2010-04-15,17,it1000892
313,2010-04-15,38,it1001298
315,2010-04-16,18,it1000892
316,2010-04-16,15,it1001298
318,2010-04-17,35,it1000892
319,2010-04-17,24,it1001298
321,2010-04-18,33,it1000892
322,2010-04-18,50,it1001298
324,2010-04-19,18,it1000892
325,2010-04-19,37,it1001298
327,2010-04-20,11,it1000892
328,2010-04-20,21,it1001298
330,2010-04-21,29,it1000892
331,2010-04-21,47,it1001298
333,2010-04-22,26,it1000892
334,2010-04-22,11,it1001298
336,2010-04-23,46,it1000892
337,2010-04-23,23,it1001298
339,2010-04-24,22,it1000892
340,2010-04-24,46,it1001298
342,2010-04-25,25,it1000892
343,2010-04-25,45,it1001298
345,2010-04-26,24,it1000892
346,2010-04-26,46,it1001298
348,2010-04-27,23,it1000892
349,2010-04-27,16,it1001298
351,2010-04-28,37,it1000892
352,2010-04-28,37,it1001298
354,2010-04-29,49,it1000892
355,2010-04-29,13,it1001298
357,2010-04-30,41,it1000892
358,2010-04-30,11,it1001298
360,2010-05-01,17,it1000892
361,2010-05-01,18,it1001298
363,2010-05-02,42,it1000892
364,2010-05-02,33,it1001298
366,2010-05-03,32,it1000892
367,2010-05-03,46,it1001298
369,2010-05-04,22,it1000892
370,2010-05-04,19,it1001298
372,2010-05-05,38,it1000892
373,2010-05-05,31,it1001298
375,2010-05-06,23,it1000892
376,2010-05-06,22,it1001298
378,2010-05-07,12,it1000892
379,2010-05-07,19,it1001298
381,2010-05-08,37,it1000892
382,2010-05-08,28,it1001298
384,2010-05-09,21,it1000892
385,2010-05-09,36,it1001298
387,2010-05-10,39,it1000892
388,2010-05-10,17,it1001298
390,2010-05-11,31,it1000892
391,2010-05-11,22,it1001298
393,2010-05-12,30,it1000892
394,2010-05-12,27,it1001298
396,2010-05-13,37,it1000892
397,2010-05-13,46,it1001298
399,2010-05-14,49,it1000892
400,2010-05-14,27,it1001298
402,2010-05-15,28,it1000892
403,2010-05-15,38,it1001298
405,2010-05-16,33,it1000892
406,2010-05-16,35,it1001298
408,2010-05-17,27,it1000892
409,2010-05-17,27,it1001298
411,2010-05-18,48,it1000892
412,2010-05-18,34,it1001298
414,2010-05-19,16,it1000892
415,2010-05-19,23,it1001298
417,2010-05-20,33,it1000892
418,2010-05-20,49,it1001298
420,2010-05-21,25,it1000892
421,2010-05-21,24,it1001298
423,2010-05-22,40,it1000892
424,2010-05-22,43,it1001298
426,2010-05-23,24,it1000892
427,2010-05-23,17,it1001298
429,2010-05-24,29,it1000892
430,2010-05-24,46,it1001298
432,2010-05-25,27,it1000892
433,2010-05-25,11,it1001298
435,2010-05-26,15,it1000892
436,2010-05-26,19,it1001298
438,2010-05-27,24,it1000892
439,2010-05-27,33,it1001298
441,2010-05-28,13,it1000892
442,2010-05-28,18,it1001298
444,2010-05-29,25,it1000892
445,2010-05-29,25,it1001298
447,2010-05-30,35,it1000892
448,2010-05-30,21,it1001298
450,2010-05-31,36,it1000892
451,2010-05-31,11,it1001298
453,2010-06-01,25,it1000892
454,2010-06-01,25,it1001298
456,2010-06-02,23,it1000892
457,2010-06-02,43,it1001298
459,2010-06-03,46,it1000892
460,2010-06-03,42,it1001298
462,2010-06-04,21,it1000892
463,2010-06-04,33,it1001298
465,2010-06-05,46,it1000892
466,2010-06-05,29,it1001298
468,2010-06-06,24,it1000892
469,2010-06-06,40,it1001298
471,2010-06-07,48,it1000892
472,2010-06-07,25,it1001298
474,2010-06-08,34,it1000892
475,2010-06-08,11,it1001298
477,2010-06-09,25,it1000892
478,2010-06-09,25,it1001298
480,2010-06-10,50,it1000892
481,2010-06-10,50,it1001298
483,2010-06-11,36,it1000892
484,2010-06-11,43,it1001298
486,2010-06-12,24,it1000892
487,2010-06-12,17,it1001298
489,2010-06-13,42,it1000892
490,2010-06-13,33,it1001298
492,2010-06-14,43,it1000892
493,2010-06-14,47,it1001298
495,2010-06-15,26,it1000892
496,2010-06-15,40,it1001298
498,2010-06-16,42,it1000892
499,2010-06-16,36,it1001298
501,2010-06-17,36,it1000892
502,2010-06-17,21,it1001298
504,2010-06-18,47,it1000892
505,2010-06-18,19,it1001298
507,2010-06-19,26,it1000892
508,2010-06-19,12,it1001298
510,2010-06-20,31,it1000892
511,2010-06-20,33,it1001298
513,2010-06-21,13,it1000892
514,2010-06-21,44,it1001298
516,2010-06-22,46,it1000892
517,2010-06-22,30,it1001298
519,2010-06-23,48,it1000892
520,2010-06-23,31,it1001298
522,2010-06-24,21,it1000892
523,2010-06-24,44,it1001298
525,2010-06-25,20,it1000892
526,2010-06-25,20,it1001298
528,2010-06-26,27,it1000892
529,2010-06-26,47,it1001298
531,2010-06-27,42,it1000892
532,2010-06-27,35,it1001298
534,2010-06-28,30,it1000892
535,2010-06-28,33,it1001298
537,2010-06-29,32,it1000892
538,2010-06-29,48,it1001298
540,2010-06-30,14,it1000892
541,2010-06-30,47,it1001298
543,2010-07-01,47,it1000892
544,2010-07-01,22,it1001298
546,2010-07-02,46,it1000892
547,2010-07-02,25,it1001298
549,2010-07-03,22,it1000892
550,2010-07-03,34,it1001298
552,2010-07-04,27,it1000892
553,2010-07-04,16,it1001298
555,2010-07-05,33,it1000892
556,2010-07-05,29,it1001298
558,2010-07-06,40,it1000892
559,2010-07-06,43,it1001298
561,2010-07-07,18,it1000892
562,2010-07-07,16,it1001298
564,2010-07-08,41,it1000892
565,2010-07-08,13,it1001298
567,2010-07-09,48,it1000892
568,2010-07-09,37,it1001298
570,2010-07-10,12,it1000892
571,2010-07-10,24,it1001298
573,2010-07-11,38,it1000892
574,2010-07-11,41,it1001298
576,2010-07-12,13,it1000892
577,2010-07-12,45,it1001298
579,2010-07-13,19,it1000892
580,2010-07-13,32,it1001298
582,2010-07-14,21,it1000892
583,2010-07-14,25,it1001298
585,2010-07-15,32,it1000892
586,2010-07-15,46,it1001298
588,2010-07-16,10,it1000892
589,2010-07-16,19,it1001298
591,2010-07-17,10,it1000892
592,2010-07-17,36,it1001298
594,2010-07-18,29,it1000892
595,2010-07-18,40,it1001298
597,2010-07-19,30,it1000892
598,2010-07-19,38,it1001298
600,2010-07-20,31,it1000892
601,2010-07-20,12,it1001298
603,2010-07-21,11,it1000892
604,2010-07-21,49,it1001298
606,2010-07-22,30,it1000892
607,2010-07-22,37,it1001298
609,2010-07-23,48,it1000892
610,2010-07-23,37,it1001298
612,2010-07-24,21,it1000892
613,2010-07-24,31,it1001298
615,2010-07-25,46,it1000892
616,2010-07-25,44,it1001298
618,2010-07-26,47,it1000892
619,2010-07-26,31,it1001298
621,2010-07-27,30,it1000892
622,2010-07-27,21,it1001298
624,2010-07-28,25,it1000892
625,2010-07-28,45,it1001298
627,2010-07-29,11,it1000892
628,2010-07-29,11,it1001298
630,2010-07-30,21,it1000892
631,2010-07-30,35,it1001298
633,2010-07-31,16,it1000892
634,2010-07-31,37,it1001298
636,2010-08-01,27,it1000892
637,2010-08-01,20,it1001298
639,2010-08-02,18,it1000892
640,2010-08-02,18,it1001298
642,2010-08-03,19,it1000892
643,2010-08-03,29,it1001298
645,2010-08-04,25,it1000892
646,2010-08-04,46,it1001298
648,2010-08-05,31,it1000892
649,2010-08-05,43,it1001298
651,2010-08-06,46,it1000892
652,2010-08-06,21,it1001298
654,2010-08-07,15,it1000892
655,2010-08-07,45,it1001298
657,2010-08-08,43,it1000892
658,2010-08-08,29,it1001298
660,2010-08-09,19,it1000892
661,2010-08-09,19,it1001298
663,2010-08-10,14,it1000892
664,2010-08-10,49,it1001298
666,2010-08-11,44,it1000892
667,2010-08-11,23,it1001298
669,2010-08-12,41,it1000892
670,2010-08-12,29,it1001298
672,2010-08-13,19,it1000892
673,2010-08-13,19,it1001298
675,2010-08-14,27,it1000892
676,2010-08-14,45,it1001298
678,2010-08-15,20,it1000892
679,2010-08-15,32,it1001298
681,2010-08-16,19,it1000892
682,2010-08-16,29,it1001298
684,2010-08-17,37,it1000892
685,2010-08-17,30,it1001298
687,2010-08-18,41,it1000892
688,2010-08-18,29,it1001298
690,2010-08-19,44,it1000892
691,2010-08-19,29,it1001298
693,2010-08-20,46,it1000892
694,2010-08-20,22,it1001298
696,2010-08-21,12,it1000892
697,2010-08-21,50,it1001298
699,2010-08-22,30,it1000892
700,2010-08-22,47,it1001298
702,2010-08-23,25,it1000892
703,2010-08-23,26,it1001298
705,2010-08-24,48,it1000892
706,2010-08-24,22,it1001298
708,2010-08-25,11,it1000892
709,2010-08-25,18,it1001298
711,2010-08-26,24,it1000892
712,2010-08-26,31,it1001298
714,2010-08-27,22,it1000892
715,2010-08-27,49,it1001298
717,2010-08-28,11,it1000892
718,2010-08-28,46,it1001298
720,2010-08-29,10,it1000892
721,2010-08-29,20,it1001298
723,2010-08-30,14,it1000892
724,2010-08-30,12,it1001298
726,2010-08-31,27,it1000892
727,2010-08-31,20,it1001298
729,2010-09-01,43,it1000892
730,2010-09-01,41,it1001298
732,2010-09-02,26,it1000892
733,2010-09-02,48,it1001298
735,2010-09-03,50,it1000892
736,2010-09-03,43,it1001298
738,2010-09-04,25,it1000892
739,2010-09-04,43,it1001298
741,2010-09-05,43,it1000892
742,2010-09-05,47,it1001298
744,2010-09-06,27,it1000892
745,2010-09-06,36,it1001298
747,2010-09-07,25,it1000892
748,2010-09-07,23,it1001298
750,2010-09-08,15,it1000892
751,2010-09-08,19,it1001298
753,2010-09-09,29,it1000892
754,2010-09-09,20,it1001298
756,2010-09-10,14,it1000892
757,2010-09-10,32,it1001298
759,2010-09-11,25,it1000892
760,2010-09-11,29,it1001298
762,2010-09-12,14,it1000892
763,2010-09-12,43,it1001298
765,2010-09-13,47,it1000892
766,2010-09-13,22,it1001298
768,2010-09-14,11,it1000892
769,2010-09-14,42,it1001298
771,2010-09-15,33,it1000892
772,2010-09-15,16,it1001298
774,2010-09-16,44,it1000892
775,2010-09-16,41,it1001298
777,2010-09-17,28,it1000892
778,2010-09-17,47,it1001298
780,2010-09-18,11,it1000892
781,2010-09-18,46,it1001298
783,2010-09-19,46,it1000892
784,2010-09-19,21,it1001298
786,2010-09-20,47,it1000892
787,2010-09-20,16,it1001298
789,2010-09-21,18,it1000892
790,2010-09-21,13,it1001298
792,2010-09-22,42,it1000892
793,2010-09-22,48,it1001298
795,2010-09-23,45,it1000892
796,2010-09-23,26,it1001298
798,2010-09-24,14,it1000892
799,2010-09-24,28,it1001298
801,2010-09-25,33,it1000892
802,2010-09-25,35,it1001298
804,2010-09-26,49,it1000892
805,2010-09-26,26,it1001298
807,2010-09-27,36,it1000892
808,2010-09-27,50,it1001298
810,2010-09-28,33,it1000892
811,2010-09-28,45,it1001298
813,2010-09-29,32,it1000892
814,2010-09-29,19,it1001298
816,2010-09-30,46,it1000892
817,2010-09-30,48,it1001298
819,2010-10-01,38,it1000892
820,2010-10-01,11,it1001298
822,2010-10-02,45,it1000892
823,2010-10-02,23,it1001298
825,2010-10-03,24,it1000892
826,2010-10-03,18,it1001298
828,2010-10-04,33,it1000892
829,2010-10-04,21,it1001298
831,2010-10-05,30,it1000892
832,2010-10-05,27,it1001298
834,2010-10-06,17,it1000892
835,2010-10-06,20,it1001298
837,2010-10-07,38,it1000892
838,2010-10-07,50,it1001298
840,2010-10-08,10,it1000892
841,2010-10-08,24,it1001298
843,2010-10-09,18,it1000892
844,2010-10-09,44,it1001298
846,2010-10-10,15,it1000892
847,2010-10-10,16,it1001298
849,2010-10-11,50,it1000892
850,2010-10-11,33,it1001298
852,2010-10-12,20,it1000892
853,2010-10-12,25,it1001298
855,2010-10-13,12,it1000892
856,2010-10-13,10,it1001298
858,2010-10-14,50,it1000892
859,2010-10-14,11,it1001298
861,2010-10-15,37,it1000892
862,2010-10-15,21,it1001298
864,2010-10-16,40,it1000892
865,2010-10-16,45,it1001298
867,2010-10-17,28,it1000892
868,2010-10-17,40,it1001298
870,2010-10-18,26,it1000892
871,2010-10-18,15,it1001298
873,2010-10-19,45,it1000892
874,2010-10-19,13,it1001298
876,2010-10-20,11,it1000892
877,2010-10-20,31,it1001298
879,2010-10-21,11,it1000892
880,2010-10-21,31,it1001298
882,2010-10-22,10,it1000892
883,2010-10-22,50,it1001298
885,2010-10-23,41,it1000892
886,2010-10-23,30,it1001298
888,2010-10-24,17,it1000892
889,2010-10-24,35,it1001298
891,2010-10-25,13,it1000892
892,2010-10-25,37,it1001298
894,2010-10-26,37,it1000892
895,2010-10-26,32,it1001298
897,2010-10-27,17,it1000892
898,2010-10-27,11,it1001298
900,2010-10-28,20,it1000892
901,2010-10-28,44,it1001298
903,2010-10-29,35,it1000892
904,2010-10-29,11,it1001298
906,2010-10-30,30,it1000892
907,2010-10-30,31,it1001298
909,2010-10-31,22,it1000892
910,2010-10-31,31,it1001298
912,2010-11-01,18,it1000892
913,2010-11-01,15,it1001298
915,2010-11-02,41,it1000892
916,2010-11-02,32,it1001298
918,2010-11-03,25,it1000892
919,2010-11-03,40,it1001298
921,2010-11-04,46,it1000892
922,2010-11-04,19,it1001298
924,2010-11-05,29,it1000892
925,2010-11-05,37,it1001298
927,2010-11-06,30,it1000892
928,2010-11-06,42,it1001298
930,2010-11-07,16,it1000892
931,2010-11-07,40,it1001298
933,2010-11-08,27,it1000892
934,2010-11-08,48,it1001298
936,2010-11-09,24,it1000892
937,2010-11-09,40,it1001298
939,2010-11-10,15,it1000892
940,2010-11-10,33,it1001298
942,2010-11-11,15,it1000892
943,2010-11-11,49,it1001298
945,2010-11-12,11,it1000892
946,2010-11-12,12,it1001298
948,2010-11-13,13,it1000892
949,2010-11-13,17,it1001298
951,2010-11-14,19,it1000892
952,2010-11-14,40,it1001298
954,2010-11-15,21,it1000892
955,2010-11-15,12,it1001298
957,2010-11-16,12,it1000892
958,2010-11-16,48,it1001298
960,2010-11-17,30,it1000892
961,2010-11-17,38,it1001298
963,2010-11-18,10,it1000892
964,2010-11-18,25,it1001298
966,2010-11-19,49,it1000892
967,2010-11-19,10,it1001298
969,2010-11-20,20,it1000892
970,2010-11-20,41,it1001298
972,2010-11-21,10,it1000892
973,2010-11-21,49,it1001298
975,2010-11-22,10,it1000892
976,2010-11-22,19,it1001298
978,2010-11-23,49,it1000892
979,2010-11-23,31,it1001298
981,2010-11-24,39,it1000892
982,2010-11-24,42,it1001298
984,2010-11-25,28,it1000892
985,2010-11-25,18,it1001298
987,2010-11-26,38,it1000892
988,2010-11-26,24,it1001298
990,2010-11-27,23,it1000892
991,2010-11-27,50,it1001298
993,2010-11-28,13,it1000892
994,2010-11-28,39,it1001298
996,2010-11-29,36,it1000892
997,2010-11-29,25,it1001298
999,2010-11-30,42,it1000892
1000,2010-11-30,49,it1001298
1002,2010-12-01,37,it1000892
1003,2010-12-01,34,it1001298
1005,2010-12-02,45,it1000892
1006,2010-12-02,34,it1001298
1008,2010-12-03,27,it1000892
1009,2010-12-03,24,it1001298
1011,2010-12-04,41,it1000892
1012,2010-12-04,22,it1001298
1014,2010-12-05,14,it1000892
1015,2010-12-05,24,it1001298
1017,2010-12-06,35,it1000892
1018,2010-12-06,22,it1001298
1020,2010-12-07,38,it1000892
1021,2010-12-07,48,it1001298
1023,2010-12-08,47,it1000892
1024,2010-12-08,43,it1001298
1026,2010-12-09,28,it1000892
1027,2010-12-09,25,it1001298
1029,2010-12-10,54,it1000892
1030,2010-12-10,64,it1001298
1032,2010-12-11,15,it1000892
1033,2010-12-11,52,it1001298
1035,2010-12-12,48,it1000892
1036,2010-12-12,58,it1001298
1038,2010-12-13,49,it1000892
1039,2010-12-13,49,it1001298
1041,2010-12-14,43,it1000892
1042,2010-12-14,31,it1001298
1044,2010-12-15,75,it1000892
1045,2010-12-15,69,it1001298
1047,2010-12-16,31,it1000892
1048,2010-12-16,27,it1001298
1050,2010-12-17,40,it1000892
1051,2010-12-17,31,it1001298
1053,2010-12-18,30,it1000892
1054,2010-12-18,25,it1001298
1056,2010-12-19,24,it1000892
1057,2010-12-19,40,it1001298
1059,2010-12-20,24,it1000892
1060,2010-12-20,45,it1001298
1062,2010-12-21,19,it1000892
1063,2010-12-21,15,it1001298
1065,2010-12-22,51,it1000892
1066,2010-12-22,36,it1001298
1068,2010-12-23,61,it1000892
1069,2010-12-23,48,it1001298
1071,2010-12-24,67,it1000892
1072,2010-12-24,25,it1001298
1074,2010-12-25,43,it1000892
1075,2010-12-25,40,it1001298
1077,2010-12-26,17,it1000892
1078,2010-12-26,25,it1001298
1080,2010-12-27,31,it1000892
1081,2010-12-27,26,it1001298
1083,2010-12-28,19,it1000892
1084,2010-12-28,36,it1001298
1086,2010-12-29,32,it1000892
1087,2010-12-29,36,it1001298
1089,2010-12-30,19,it1000892
1090,2010-12-30,44,it1001298
1092,2010-12-31,32,it1000892
1093,2010-12-31,46,it1001298
1095,2011-01-01,17,it1100437
1096,2011-01-01,17,it1101430
1098,2011-01-02,26,it1100437
1099,2011-01-02,27,it1101430
1101,2011-01-03,39,it1100437
1102,2011-01-03,14,it1101430
1104,2011-01-04,11,it1100437
1105,2011-01-04,22,it1101430
1107,2011-01-05,14,it1100437
1108,2011-01-05,31,it1101430
1110,2011-01-06,22,it1100437
1111,2011-01-06,29,it1101430
1113,2011-01-07,46,it1100437
1114,2011-01-07,10,it1101430
1116,2011-01-08,48,it1100437
1117,2011-01-08,49,it1101430
1119,2011-01-09,47,it1100437
1120,2011-01-09,13,it1101430
1122,2011-01-10,43,it1100437
1123,2011-01-10,46,it1101430
1125,2011-01-11,28,it1100437
1126,2011-01-11,28,it1101430
1128,2011-01-12,49,it1100437
1129,2011-01-12,10,it1101430
1131,2011-01-13,13,it1100437
1132,2011-01-13,40,it1101430
1134,2011-01-14,46,it1100437
1135,2011-01-14,20,it1101430
1137,2011-01-15,20,it1100437
1138,2011-01-15,23,it1101430
1140,2011-01-16,43,it1100437
1141,2011-01-16,25,it1101430
1143,2011-01-17,11,it1100437
1144,2011-01-17,31,it1101430
1146,2011-01-18,15,it1100437
1147,2011-01-18,15,it1101430
1149,2011-01-19,18,it1100437
1150,2011-01-19,25,it1101430
1152,2011-01-20,23,it1100437
1153,2011-01-20,39,it1101430
1155,2011-01-21,20,it1100437
1156,2011-01-21,33,it1101430
1158,2011-01-22,28,it1100437
1159,2011-01-22,32,it1101430
1161,2011-01-23,45,it1100437
1162,2011-01-23,13,it1101430
1164,2011-01-24,35,it1100437
1165,2011-01-24,18,it1101430
1167,2011-01-25,47,it1100437
1168,2011-01-25,28,it1101430
1170,2011-01-26,12,it1100437
1171,2011-01-26,45,it1101430
1173,2011-01-27,21,it1100437
1174,2011-01-27,48,it1101430
1176,2011-01-28,22,it1100437
1177,2011-01-28,44,it1101430
1179,2011-01-29,46,it1100437
1180,2011-01-29,45,it1101430
1182,2011-01-30,17,it1100437
1183,2011-01-30,41,it1101430
1185,2011-01-31,50,it1100437
1186,2011-01-31,12,it1101430
1188,2011-02-01,45,it1100437
1189,2011-02-01,41,it1101430
1191,2011-02-02,44,it1100437
1192,2011-02-02,15,it1101430
1194,2011-02-03,30,it1100437
1195,2011-02-03,25,it1101430
1197,2011-02-04,27,it1100437
1198,2011-02-04,35,it1101430
1200,2011-02-05,17,it1100437
1201,2011-02-05,10,it1101430
1203,2011-02-06,30,it1100437
1204,2011-02-06,25,it1101430
1206,2011-02-07,52,it1100437
1207,2011-02-07,108,it1101430
1209,2011-02-08,72,it1100437
1210,2011-02-08,135,it1101430
1212,2011-02-09,70,it1100437
1213,2011-02-09,90,it1101430
1215,2011-02-10,24,it1100437
1216,2011-02-10,111,it1101430
1218,2011-02-11,48,it1100437
1219,2011-02-11,30,it1101430
1221,2011-02-12,46,it1100437
1222,2011-02-12,48,it1101430
1224,2011-02-13,100,it1100437
1225,2011-02-13,36,it1101430
1227,2011-02-14,76,it1100437
1228,2011-02-14,117,it1101430
1230,2011-02-15,44,it1100437
1231,2011-02-15,75,it1101430
1233,2011-02-16,20,it1100437
1234,2011-02-16,39,it1101430
1236,2011-02-17,72,it1100437
1237,2011-02-17,48,it1101430
1239,2011-02-18,66,it1100437
1240,2011-02-18,135,it1101430
1242,2011-02-19,36,it1100437
1243,2011-02-19,114,it1101430
1245,2011-02-20,88,it1100437
1246,2011-02-20,36,it1101430
1248,2011-02-21,62,it1100437
1249,2011-02-21,98,it1101430
1251,2011-02-22,88,it1100437
1252,2011-02-22,34,it1101430
1254,2011-02-23,22,it1100437
1255,2011-02-23,100,it1101430
1257,2011-02-24,84,it1100437
1258,2011-02-24,58,it1101430
1260,2011-02-25,60,it1100437
1261,2011-02-25,74,it1101430
1263,2011-02-26,47,it1100437
1264,2011-02-26,15,it1101430
1266,2011-02-27,33,it1100437
1267,2011-02-27,39,it1101430
1269,2011-02-28,13,it1100437
1270,2011-02-28,31,it1101430
1272,2011-03-01,13,it1100437
1273,2011-03-01,34,it1101430
1275,2011-03-02,40,it1100437
1276,2011-03-02,21,it1101430
1278,2011-03-03,23,it1100437
1279,2011-03-03,42,it1101430
1281,2011-03-04,32,it1100437
1282,2011-03-04,50,it1101430
1284,2011-03-05,40,it1100437
1285,2011-03-05,42,it1101430
1287,2011-03-06,49,it1100437
1288,2011-03-06,36,it1101430
1290,2011-03-07,34,it1100437
1291,2011-03-07,45,it1101430
1293,2011-03-08,35,it1100437
1294,2011-03-08,43,it1101430
1296,2011-03-09,13,it1100437
1297,2011-03-09,21,it1101430
1299,2011-03-10,14,it1100437
1300,2011-03-10,48,it1101430
1302,2011-03-11,43,it1100437
1303,2011-03-11,35,it1101430
1305,2011-03-12,14,it1100437
1306,2011-03-12,25,it1101430
1308,2011-03-13,36,it1100437
1309,2011-03-13,39,it1101430
1311,2011-03-14,46,it1100437
1312,2011-03-14,15,it1101430
1314,2011-03-15,34,it1100437
1315,2011-03-15,41,it1101430
1317,2011-03-16,24,it1100437
1318,2011-03-16,21,it1101430
1320,2011-03-17,24,it1100437
1321,2011-03-17,37,it1101430
1323,2011-03-18,17,it1100437
1324,2011-03-18,44,it1101430
1326,2011-03-19,27,it1100437
1327,2011-03-19,43,it1101430
1329,2011-03-20,13,it1100437
1330,2011-03-20,30,it1101430
1332,2011-03-21,27,it1100437
1333,2011-03-21,49,it1101430
1335,2011-03-22,26,it1100437
1336,2011-03-22,15,it1101430
1338,2011-03-23,13,it1100437
1339,2011-03-23,18,it1101430
1341,2011-03-24,38,it1100437
1342,2011-03-24,28,it1101430
1344,2011-03-25,22,it1100437
1345,2011-03-25,10,it1101430
1347,2011-03-26,24,it1100437
1348,2011-03-26,30,it1101430
1350,2011-03-27,38,it1100437
1351,2011-03-27,38,it1101430
1353,2011-03-28,31,it1100437
1354,2011-03-28,45,it1101430
1356,2011-03-29,42,it1100437
1357,2011-03-29,29,it1101430
1359,2011-03-30,19,it1100437
1360,2011-03-30,49,it1101430
1362,2011-03-31,44,it1100437
1363,2011-03-31,10,it1101430
1365,2011-04-01,31,it1100437
1366,2011-04-01,49,it1101430
1368,2011-04-02,21,it1100437
1369,2011-04-02,18,it1101430
1371,2011-04-03,60,it1100437
1372,2011-04-03,66,it1101430
1374,2011-04-04,57,it1100437
1375,2011-04-04,40,it1101430
1377,2011-04-05,48,it1100437
1378,2011-04-05,39,it1101430
1380,2011-04-06,21,it1100437
1381,2011-04-06,18,it1101430
1383,2011-04-07,21,it1100437
1384,2011-04-07,21,it1101430
1386,2011-04-08,46,it1100437
1387,2011-04-08,60,it1101430
1389,2011-04-09,34,it1100437
1390,2011-04-09,60,it1101430
1392,2011-04-10,18,it1100437
1393,2011-04-10,55,it1101430
1395,2011-04-11,36,it1100437
1396,2011-04-11,48,it1101430
1398,2011-04-12,21,it1100437
1399,2011-04-12,51,it1101430
1401,2011-04-13,75,it1100437
1402,2011-04-13,72,it1101430
1404,2011-04-14,70,it1100437
1405,2011-04-14,63,it1101430
1407,2011-04-15,48,it1100437
1408,2011-04-15,46,it1101430
1410,2011-04-16,61,it1100437
1411,2011-04-16,49,it1101430
1413,2011-04-17,52,it1100437
1414,2011-04-17,66,it1101430
1416,2011-04-18,27,it1100437
1417,2011-04-18,40,it1101430
1419,2011-04-19,15,it1100437
1420,2011-04-19,63,it1101430
1422,2011-04-20,25,it1100437
1423,2011-04-20,57,it1101430
1425,2011-04-21,28,it1100437
1426,2011-04-21,69,it1101430
1428,2011-04-22,70,it1100437
1429,2011-04-22,67,it1101430
1431,2011-04-23,45,it1100437
1432,2011-04-23,57,it1101430
1434,2011-04-24,73,it1100437
1435,2011-04-24,49,it1101430
1437,2011-04-25,27,it1100437
1438,2011-04-25,44,it1101430
1440,2011-04-26,19,it1100437
1441,2011-04-26,19,it1101430
1443,2011-04-27,17,it1100437
1444,2011-04-27,40,it1101430
1446,2011-04-28,29,it1100437
1447,2011-04-28,42,it1101430
1449,2011-04-29,23,it1100437
1450,2011-04-29,24,it1101430
1452,2011-04-30,24,it1100437
1453,2011-04-30,44,it1101430
1455,2011-05-01,22,it1100437
1456,2011-05-01,42,it1101430
1458,2011-05-02,38,it1100437
1459,2011-05-02,45,it1101430
1461,2011-05-03,22,it1100437
1462,2011-05-03,44,it1101430
1464,2011-05-04,16,it1100437
1465,2011-05-04,33,it1101430
1467,2011-05-05,46,it1100437
1468,2011-05-05,17,it1101430
1470,2011-05-06,22,it1100437
1471,2011-05-06,44,it1101430
1473,2011-05-07,48,it1100437
1474,2011-05-07,20,it1101430
1476,2011-05-08,14,it1100437
1477,2011-05-08,31,it1101430
1479,2011-05-09,17,it1100437
1480,2011-05-09,29,it1101430
1482,2011-05-10,18,it1100437
1483,2011-05-10,23,it1101430
1485,2011-05-11,36,it1100437
1486,2011-05-11,35,it1101430
1488,2011-05-12,15,it1100437
1489,2011-05-12,32,it1101430
1491,2011-05-13,12,it1100437
1492,2011-05-13,30,it1101430
1494,2011-05-14,30,it1100437
1495,2011-05-14,11,it1101430
1497,2011-05-15,28,it1100437
1498,2011-05-15,11,it1101430
1500,2011-05-16,36,it1100437
1501,2011-05-16,29,it1101430
1503,2011-05-17,34,it1100437
1504,2011-05-17,38,it1101430
1506,2011-05-18,36,it1100437
1507,2011-05-18,11,it1101430
1509,2011-05-19,16,it1100437
1510,2011-05-19,20,it1101430
1512,2011-05-20,18,it1100437
1513,2011-05-20,24,it1101430
1515,2011-05-21,47,it1100437
1516,2011-05-21,29,it1101430
1518,2011-05-22,32,it1100437
1519,2011-05-22,24,it1101430
1521,2011-05-23,25,it1100437
1522,2011-05-23,18,it1101430
1524,2011-05-24,44,it1100437
1525,2011-05-24,42,it1101430
1527,2011-05-25,12,it1100437
1528,2011-05-25,27,it1101430
1530,2011-05-26,34,it1100437
1531,2011-05-26,32,it1101430
1533,2011-05-27,50,it1100437
1534,2011-05-27,25,it1101430
1536,2011-05-28,26,it1100437
1537,2011-05-28,20,it1101430
1539,2011-05-29,34,it1100437
1540,2011-05-29,28,it1101430
1542,2011-05-30,42,it1100437
1543,2011-05-30,16,it1101430
1545,2011-05-31,24,it1100437
1546,2011-05-31,41,it1101430
1548,2011-06-01,48,it1100437
1549,2011-06-01,33,it1101430
1551,2011-06-02,18,it1100437
1552,2011-06-02,32,it1101430
1554,2011-06-03,20,it1100437
1555,2011-06-03,45,it1101430
1557,2011-06-04,34,it1100437
1558,2011-06-04,49,it1101430
1560,2011-06-05,24,it1100437
1561,2011-06-05,32,it1101430
1563,2011-06-06,47,it1100437
1564,2011-06-06,23,it1101430
1566,2011-06-07,38,it1100437
1567,2011-06-07,21,it1101430
1569,2011-06-08,50,it1100437
1570,2011-06-08,43,it1101430
1572,2011-06-09,21,it1100437
1573,2011-06-09,38,it1101430
1575,2011-06-10,47,it1100437
1576,2011-06-10,43,it1101430
1578,2011-06-11,22,it1100437
1579,2011-06-11,37,it1101430
1581,2011-06-12,24,it1100437
1582,2011-06-12,12,it1101430
1584,2011-06-13,20,it1100437
1585,2011-06-13,30,it1101430
1587,2011-06-14,32,it1100437
1588,2011-06-14,45,it1101430
1590,2011-06-15,45,it1100437
1591,2011-06-15,41,it1101430
1593,2011-06-16,39,it1100437
1594,2011-06-16,18,it1101430
1596,2011-06-17,15,it1100437
1597,2011-06-17,47,it1101430
1599,2011-06-18,36,it1100437
1600,2011-06-18,13,it1101430
1602,2011-06-19,33,it1100437
1603,2011-06-19,36,it1101430
1605,2011-06-20,24,it1100437
1606,2011-06-20,11,it1101430
1608,2011-06-21,23,it1100437
1609,2011-06-21,32,it1101430
1611,2011-06-22,31,it1100437
1612,2011-06-22,32,it1101430
1614,2011-06-23,33,it1100437
1615,2011-06-23,10,it1101430
1617,2011-06-24,32,it1100437
1618,2011-06-24,28,it1101430
1620,2011-06-25,29,it1100437
1621,2011-06-25,15,it1101430
1623,2011-06-26,46,it1100437
1624,2011-06-26,34,it1101430
1626,2011-06-27,26,it1100437
1627,2011-06-27,37,it1101430
1629,2011-06-28,21,it1100437
1630,2011-06-28,16,it1101430
1632,2011-06-29,28,it1100437
1633,2011-06-29,31,it1101430
1635,2011-06-30,46,it1100437
1636,2011-06-30,25,it1101430
1638,2011-07-01,17,it1100437
1639,2011-07-01,39,it1101430
1641,2011-07-02,44,it1100437
1642,2011-07-02,38,it1101430
1644,2011-07-03,12,it1100437
1645,2011-07-03,40,it1101430
1647,2011-07-04,32,it1100437
1648,2011-07-04,24,it1101430
1650,2011-07-05,17,it1100437
1651,2011-07-05,23,it1101430
1653,2011-07-06,36,it1100437
1654,2011-07-06,17,it1101430
1656,2011-07-07,14,it1100437
1657,2011-07-07,40,it1101430
1659,2011-07-08,11,it1100437
1660,2011-07-08,31,it1101430
1662,2011-07-09,30,it1100437
1663,2011-07-09,32,it1101430
1665,2011-07-10,45,it1100437
1666,2011-07-10,17,it1101430
1668,2011-07-11,47,it1100437
1669,2011-07-11,35,it1101430
1671,2011-07-12,34,it1100437
1672,2011-07-12,18,it1101430
1674,2011-07-13,38,it1100437
1675,2011-07-13,47,it1101430
1677,2011-07-14,37,it1100437
1678,2011-07-14,12,it1101430
1680,2011-07-15,30,it1100437
1681,2011-07-15,24,it1101430
1683,2011-07-16,23,it1100437
1684,2011-07-16,33,it1101430
1686,2011-07-17,26,it1100437
1687,2011-07-17,46,it1101430
1689,2011-07-18,10,it1100437
1690,2011-07-18,27,it1101430
1692,2011-07-19,47,it1100437
1693,2011-07-19,48,it1101430
1695,2011-07-20,11,it1100437
1696,2011-07-20,12,it1101430
1698,2011-07-21,45,it1100437
1699,2011-07-21,48,it1101430
1701,2011-07-22,38,it1100437
1702,2011-07-22,10,it1101430
1704,2011-07-23,14,it1100437
1705,2011-07-23,46,it1101430
1707,2011-07-24,42,it1100437
1708,2011-07-24,24,it1101430
1710,2011-07-25,12,it1100437
1711,2011-07-25,11,it1101430
1713,2011-07-26,25,it1100437
1714,2011-07-26,48,it1101430
1716,2011-07-27,46,it1100437
1717,2011-07-27,11,it1101430
1719,2011-07-28,48,it1100437
1720,2011-07-28,45,it1101430
1722,2011-07-29,19,it1100437
1723,2011-07-29,30,it1101430
1725,2011-07-30,41,it1100437
1726,2011-07-30,43,it1101430
1728,2011-07-31,50,it1100437
1729,2011-07-31,16,it1101430
1731,2011-08-01,41,it1100437
1732,2011-08-01,44,it1101430
1734,2011-08-02,27,it1100437
1735,2011-08-02,19,it1101430
1737,2011-08-03,24,it1100437
1738,2011-08-03,36,it1101430
1740,2011-08-04,34,it1100437
1741,2011-08-04,28,it1101430
1743,2011-08-05,23,it1100437
1744,2011-08-05,43,it1101430
1746,2011-08-06,45,it1100437
1747,2011-08-06,12,it1101430
1749,2011-08-07,39,it1100437
1750,2011-08-07,44,it1101430
1752,2011-08-08,13,it1100437
1753,2011-08-08,12,it1101430
1755,2011-08-09,32,it1100437
1756,2011-08-09,19,it1101430
1758,2011-08-10,48,it1100437
1759,2011-08-10,32,it1101430
1761,2011-08-11,29,it1100437
1762,2011-08-11,35,it1101430
1764,2011-08-12,10,it1100437
1765,2011-08-12,41,it1101430
1767,2011-08-13,33,it1100437
1768,2011-08-13,35,it1101430
1770,2011-08-14,31,it1100437
1771,2011-08-14,46,it1101430
1773,2011-08-15,29,it1100437
1774,2011-08-15,25,it1101430
1776,2011-08-16,28,it1100437
1777,2011-08-16,31,it1101430
1779,2011-08-17,22,it1100437
1780,2011-08-17,48,it1101430
1782,2011-08-18,26,it1100437
1783,2011-08-18,32,it1101430
1785,2011-08-19,37,it1100437
1786,2011-08-19,49,it1101430
1788,2011-08-20,29,it1100437
1789,2011-08-20,22,it1101430
1791,2011-08-21,42,it1100437
1792,2011-08-21,12,it1101430
1794,2011-08-22,22,it1100437
1795,2011-08-22,44,it1101430
1797,2011-08-23,40,it1100437
1798,2011-08-23,21,it1101430
1800,2011-08-24,43,it1100437
1801,2011-08-24,14,it1101430
1803,2011-08-25,25,it1100437
1804,2011-08-25,33,it1101430
1806,2011-08-26,15,it1100437
1807,2011-08-26,11,it1101430
1809,2011-08-27,11,it1100437
1810,2011-08-27,35,it1101430
1812,2011-08-28,20,it1100437
1813,2011-08-28,27,it1101430
1815,2011-08-29,36,it1100437
1816,2011-08-29,18,it1101430
1818,2011-08-30,10,it1100437
1819,2011-08-30,45,it1101430
1821,2011-08-31,14,it1100437
1822,2011-08-31,33,it1101430
1824,2011-09-01,20,it1100437
1825,2011-09-01,34,it1101430
1827,2011-09-02,24,it1100437
1828,2011-09-02,34,it1101430
1830,2011-09-03,39,it1100437
1831,2011-09-03,25,it1101430
1833,2011-09-04,20,it1100437
1834,2011-09-04,25,it1101430
1836,2011-09-05,19,it1100437
1837,2011-09-05,18,it1101430
1839,2011-09-06,32,it1100437
1840,2011-09-06,26,it1101430
1842,2011-09-07,46,it1100437
1843,2011-09-07,25,it1101430
1845,2011-09-08,14,it1100437
1846,2011-09-08,13,it1101430
1848,2011-09-09,44,it1100437
1849,2011-09-09,36,it1101430
1851,2011-09-10,23,it1100437
1852,2011-09-10,11,it1101430
1854,2011-09-11,17,it1100437
1855,2011-09-11,18,it1101430
1857,2011-09-12,13,it1100437
1858,2011-09-12,39,it1101430
1860,2011-09-13,25,it1100437
1861,2011-09-13,30,it1101430
1863,2011-09-14,39,it1100437
1864,2011-09-14,15,it1101430
1866,2011-09-15,21,it1100437
1867,2011-09-15,29,it1101430
1869,2011-09-16,22,it1100437
1870,2011-09-16,40,it1101430
1872,2011-09-17,12,it1100437
1873,2011-09-17,13,it1101430
1875,2011-09-18,41,it1100437
1876,2011-09-18,29,it1101430
1878,2011-09-19,46,it1100437
1879,2011-09-19,12,it1101430
1881,2011-09-20,35,it1100437
1882,2011-09-20,14,it1101430
1884,2011-09-21,14,it1100437
1885,2011-09-21,35,it1101430
1887,2011-09-22,50,it1100437
1888,2011-09-22,38,it1101430
1890,2011-09-23,47,it1100437
1891,2011-09-23,16,it1101430
1893,2011-09-24,45,it1100437
1894,2011-09-24,23,it1101430
1896,2011-09-25,27,it1100437
1897,2011-09-25,24,it1101430
1899,2011-09-26,23,it1100437
1900,2011-09-26,49,it1101430
1902,2011-09-27,18,it1100437
1903,2011-09-27,17,it1101430
1905,2011-09-28,20,it1100437
1906,2011-09-28,35,it1101430
1908,2011-09-29,37,it1100437
1909,2011-09-29,16,it1101430
1911,2011-09-30,49,it1100437
1912,2011-09-30,25,it1101430
1914,2011-10-01,36,it1100437
1915,2011-10-01,39,it1101430
1917,2011-10-02,42,it1100437
1918,2011-10-02,13,it1101430
1920,2011-10-03,17,it1100437
1921,2011-10-03,22,it1101430
1923,2011-10-04,28,it1100437
1924,2011-10-04,34,it1101430
1926,2011-10-05,29,it1100437
1927,2011-10-05,30,it1101430
1929,2011-10-06,26,it1100437
1930,2011-10-06,19,it1101430
1932,2011-10-07,41,it1100437
1933,2011-10-07,28,it1101430
1935,2011-10-08,25,it1100437
1936,2011-10-08,21,it1101430
1938,2011-10-09,36,it1100437
1939,2011-10-09,34,it1101430
1941,2011-10-10,34,it1100437
1942,2011-10-10,31,it1101430
1944,2011-10-11,49,it1100437
1945,2011-10-11,24,it1101430
1947,2011-10-12,37,it1100437
1948,2011-10-12,19,it1101430
1950,2011-10-13,11,it1100437
1951,2011-10-13,40,it1101430
1953,2011-10-14,25,it1100437
1954,2011-10-14,22,it1101430
1956,2011-10-15,41,it1100437
1957,2011-10-15,34,it1101430
1959,2011-10-16,14,it1100437
1960,2011-10-16,44,it1101430
1962,2011-10-17,24,it1100437
1963,2011-10-17,28,it1101430
1965,2011-10-18,17,it1100437
1966,2011-10-18,15,it1101430
1968,2011-10-19,45,it1100437
1969,2011-10-19,21,it1101430
1971,2011-10-20,24,it1100437
1972,2011-10-20,25,it1101430
1974,2011-10-21,18,it1100437
1975,2011-10-21,38,it1101430
1977,2011-10-22,50,it1100437
1978,2011-10-22,12,it1101430
1980,2011-10-23,13,it1100437
1981,2011-10-23,19,it1101430
1983,2011-10-24,17,it1100437
1984,2011-10-24,21,it1101430
1986,2011-10-25,38,it1100437
1987,2011-10-25,14,it1101430
1989,2011-10-26,38,it1100437
1990,2011-10-26,11,it1101430
1992,2011-10-27,34,it1100437
1993,2011-10-27,42,it1101430
1995,2011-10-28,11,it1100437
1996,2011-10-28,33,it1101430
1998,2011-10-29,45,it1100437
1999,2011-10-29,16,it1101430
2001,2011-10-30,22,it1100437
2002,2011-10-30,14,it1101430
2004,2011-10-31,18,it1100437
2005,2011-10-31,10,it1101430
2007,2011-11-01,32,it1100437
2008,2011-11-01,26,it1101430
2010,2011-11-02,27,it1100437
2011,2011-11-02,37,it1101430
2013,2011-11-03,45,it1100437
2014,2011-11-03,14,it1101430
2016,2011-11-04,50,it1100437
2017,2011-11-04,21,it1101430
2019,2011-11-05,43,it1100437
2020,2011-11-05,34,it1101430
2022,2011-11-06,26,it1100437
2023,2011-11-06,26,it1101430
2025,2011-11-07,46,it1100437
2026,2011-11-07,38,it1101430
2028,2011-11-08,41,it1100437
2029,2011-11-08,23,it1101430
2031,2011-11-09,47,it1100437
2032,2011-11-09,28,it1101430
2034,2011-11-10,50,it1100437
2035,2011-11-10,27,it1101430
2037,2011-11-11,19,it1100437
2038,2011-11-11,38,it1101430
2040,2011-11-12,16,it1100437
2041,2011-11-12,41,it1101430
2043,2011-11-13,30,it1100437
2044,2011-11-13,33,it1101430
2046,2011-11-14,49,it1100437
2047,2011-11-14,17,it1101430
2049,2011-11-15,46,it1100437
2050,2011-11-15,38,it1101430
2052,2011-11-16,17,it1100437
2053,2011-11-16,35,it1101430
2055,2011-11-17,11,it1100437
2056,2011-11-17,13,it1101430
2058,2011-11-18,23,it1100437
2059,2011-11-18,35,it1101430
2061,2011-11-19,42,it1100437
2062,2011-11-19,17,it1101430
2064,2011-11-20,42,it1100437
2065,2011-11-20,32,it1101430
2067,2011-11-21,19,it1100437
2068,2011-11-21,49,it1101430
2070,2011-11-22,29,it1100437
2071,2011-11-22,13,it1101430
2073,2011-11-23,11,it1100437
2074,2011-11-23,25,it1101430
2076,2011-11-24,44,it1100437
2077,2011-11-24,48,it1101430
2079,2011-11-25,28,it1100437
2080,2011-11-25,29,it1101430
2082,2011-11-26,22,it1100437
2083,2011-11-26,49,it1101430
2085,2011-11-27,32,it1100437
2086,2011-11-27,36,it1101430
2088,2011-11-28,39,it1100437
2089,2011-11-28,14,it1101430
2091,2011-11-29,44,it1100437
2092,2011-11-29,29,it1101430
2094,2011-11-30,44,it1100437
2095,2011-11-30,34,it1101430
2097,2011-12-01,41,it1100437
2098,2011-12-01,27,it1101430
2100,2011-12-02,24,it1100437
2101,2011-12-02,20,it1101430
2103,2011-12-03,42,it1100437
2104,2011-12-03,25,it1101430
2106,2011-12-04,21,it1100437
2107,2011-12-04,44,it1101430
2109,2011-12-05,30,it1100437
2110,2011-12-05,15,it1101430
2112,2011-12-06,34,it1100437
2113,2011-12-06,32,it1101430
2115,2011-12-07,33,it1100437
2116,2011-12-07,21,it1101430
2118,2011-12-08,41,it1100437
2119,2011-12-08,32,it1101430
2121,2011-12-09,39,it1100437
2122,2011-12-09,33,it1101430
2124,2011-12-10,27,it1100437
2125,2011-12-10,36,it1101430
2127,2011-12-11,25,it1100437
2128,2011-12-11,31,it1101430
2130,2011-12-12,64,it1100437
2131,2011-12-12,34,it1101430
2133,2011-12-13,36,it1100437
2134,2011-12-13,63,it1101430
2136,2011-12-14,64,it1100437
2137,2011-12-14,21,it1101430
2139,2011-12-15,39,it1100437
2140,2011-12-15,45,it1101430
2142,2011-12-16,36,it1100437
2143,2011-12-16,27,it1101430
2145,2011-12-17,22,it1100437
2146,2011-12-17,73,it1101430
2148,2011-12-18,70,it1100437
2149,2011-12-18,67,it1101430
2151,2011-12-19,52,it1100437
2152,2011-12-19,15,it1101430
2154,2011-12-20,61,it1100437
2155,2011-12-20,75,it1101430
2157,2011-12-21,67,it1100437
2158,2011-12-21,21,it1101430
2160,2011-12-22,73,it1100437
2161,2011-12-22,72,it1101430
2163,2011-12-23,73,it1100437
2164,2011-12-23,48,it1101430
2166,2011-12-24,30,it1100437
2167,2011-12-24,70,it1101430
2169,2011-12-25,24,it1100437
2170,2011-12-25,19,it1101430
2172,2011-12-26,35,it1100437
2173,2011-12-26,41,it1101430
2175,2011-12-27,36,it1100437
2176,2011-12-27,33,it1101430
2178,2011-12-28,48,it1100437
2179,2011-12-28,38,it1101430
2181,2011-12-29,16,it1100437
2182,2011-12-29,34,it1101430
2184,2011-12-30,24,it1100437
2185,2011-12-30,30,it1101430
2187,2011-12-31,16,it1100437
2188,2011-12-31,22,it1101430
2190,2012-01-01,47,it1200120
2191,2012-01-01,12,it1205311
2193,2012-01-02,47,it1200120
2194,2012-01-02,31,it1205311
2196,2012-01-03,48,it1200120
2197,2012-01-03,33,it1205311
2199,2012-01-04,36,it1200120
2200,2012-01-04,47,it1205311
2202,2012-01-05,14,it1200120
2203,2012-01-05,17,it1205311
2205,2012-01-06,11,it1200120
2206,2012-01-06,10,it1205311
2208,2012-01-07,32,it1200120
2209,2012-01-07,11,it1205311
2211,2012-01-08,14,it1200120
2212,2012-01-08,18,it1205311
2214,2012-01-09,18,it1200120
2215,2012-01-09,30,it1205311
2217,2012-01-10,45,it1200120
2218,2012-01-10,12,it1205311
2220,2012-01-11,47,it1200120
2221,2012-01-11,12,it1205311
2223,2012-01-12,10,it1200120
2224,2012-01-12,30,it1205311
2226,2012-01-13,10,it1200120
2227,2012-01-13,42,it1205311
2229,2012-01-14,28,it1200120
2230,2012-01-14,50,it1205311
2232,2012-01-15,12,it1200120
2233,2012-01-15,16,it1205311
2235,2012-01-16,42,it1200120
2236,2012-01-16,18,it1205311
2238,2012-01-17,27,it1200120
2239,2012-01-17,29,it1205311
2241,2012-01-18,46,it1200120
2242,2012-01-18,20,it1205311
2244,2012-01-19,35,it1200120
2245,2012-01-19,16,it1205311
2247,2012-01-20,22,it1200120
2248,2012-01-20,35,it1205311
2250,2012-01-21,50,it1200120
2251,2012-01-21,10,it1205311
2253,2012-01-22,33,it1200120
2254,2012-01-22,12,it1205311
2256,2012-01-23,41,it1200120
2257,2012-01-23,15,it1205311
2259,2012-01-24,29,it1200120
2260,2012-01-24,23,it1205311
2262,2012-01-25,29,it1200120
2263,2012-01-25,45,it1205311
2265,2012-01-26,38,it1200120
2266,2012-01-26,49,it1205311
2268,2012-01-27,16,it1200120
2269,2012-01-27,40,it1205311
2271,2012-01-28,38,it1200120
2272,2012-01-28,31,it1205311
2274,2012-01-29,16,it1200120
2275,2012-01-29,39,it1205311
2277,2012-01-30,40,it1200120
2278,2012-01-30,19,it1205311
2280,2012-01-31,34,it1200120
2281,2012-01-31,14,it1205311
2283,2012-02-01,29,it1200120
2284,2012-02-01,46,it1205311
2286,2012-02-02,37,it1200120
2287,2012-02-02,25,it1205311
2289,2012-02-03,44,it1200120
2290,2012-02-03,39,it1205311
2292,2012-02-04,38,it1200120
2293,2012-02-04,10,it1205311
2295,2012-02-05,20,it1200120
2296,2012-02-05,44,it1205311
2298,2012-02-06,39,it1200120
2299,2012-02-06,34,it1205311
2301,2012-02-07,74,it1200120
2302,2012-02-07,144,it1205311
2304,2012-02-08,40,it1200120
2305,2012-02-08,123,it1205311
2307,2012-02-09,68,it1200120
2308,2012-02-09,114,it1205311
2310,2012-02-10,100,it1200120
2311,2012-02-10,63,it1205311
2313,2012-02-11,34,it1200120
2314,2012-02-11,147,it1205311
2316,2012-02-12,26,it1200120
2317,2012-02-12,33,it1205311
2319,2012-02-13,26,it1200120
2320,2012-02-13,141,it1205311
2322,2012-02-14,98,it1200120
2323,2012-02-14,48,it1205311
2325,2012-02-15,58,it1200120
2326,2012-02-15,123,it1205311
2328,2012-02-16,20,it1200120
2329,2012-02-16,90,it1205311
2331,2012-02-17,54,it1200120
2332,2012-02-17,96,it1205311
2334,2012-02-18,28,it1200120
2335,2012-02-18,93,it1205311
2337,2012-02-19,32,it1200120
2338,2012-02-19,78,it1205311
2340,2012-02-20,52,it1200120
2341,2012-02-20,138,it1205311
2343,2012-02-21,64,it1200120
2344,2012-02-21,54,it1205311
2346,2012-02-22,36,it1200120
2347,2012-02-22,36,it1205311
2349,2012-02-23,94,it1200120
2350,2012-02-23,62,it1205311
2352,2012-02-24,38,it1200120
2353,2012-02-24,20,it1205311
2355,2012-02-25,76,it1200120
2356,2012-02-25,40,it1205311
2358,2012-02-26,47,it1200120
2359,2012-02-26,18,it1205311
2361,2012-02-27,31,it1200120
2362,2012-02-27,39,it1205311
2364,2012-02-28,10,it1200120
2365,2012-02-28,44,it1205311
2367,2012-02-29,34,it1200120
2368,2012-02-29,49,it1205311
2370,2012-03-01,26,it1200120
2371,2012-03-01,17,it1205311
2373,2012-03-02,29,it1200120
2374,2012-03-02,31,it1205311
2376,2012-03-03,42,it1200120
2377,2012-03-03,33,it1205311
2379,2012-03-04,25,it1200120
2380,2012-03-04,44,it1205311
2382,2012-03-05,13,it1200120
2383,2012-03-05,44,it1205311
2385,2012-03-06,20,it1200120
2386,2012-03-06,46,it1205311
2388,2012-03-07,31,it1200120
2389,2012-03-07,19,it1205311
2391,2012-03-08,49,it1200120
2392,2012-03-08,43,it1205311
2394,2012-03-09,23,it1200120
2395,2012-03-09,31,it1205311
2397,2012-03-10,43,it1200120
2398,2012-03-10,28,it1205311
2400,2012-03-11,41,it1200120
2401,2012-03-11,27,it1205311
2403,2012-03-12,31,it1200120
2404,2012-03-12,50,it1205311
2406,2012-03-13,45,it1200120
2407,2012-03-13,35,it1205311
2409,2012-03-14,15,it1200120
2410,2012-03-14,23,it1205311
2412,2012-03-15,48,it1200120
2413,2012-03-15,38,it1205311
2415,2012-03-16,17,it1200120
2416,2012-03-16,40,it1205311
2418,2012-03-17,29,it1200120
2419,2012-03-17,47,it1205311
2421,2012-03-18,36,it1200120
2422,2012-03-18,17,it1205311
2424,2012-03-19,21,it1200120
2425,2012-03-19,22,it1205311
2427,2012-03-20,33,it1200120
2428,2012-03-20,14,it1205311
2430,2012-03-21,14,it1200120
2431,2012-03-21,22,it1205311
2433,2012-03-22,36,it1200120
2434,2012-03-22,50,it1205311
2436,2012-03-23,17,it1200120
2437,2012-03-23,36,it1205311
2439,2012-03-24,26,it1200120
2440,2012-03-24,33,it1205311
2442,2012-03-25,19,it1200120
2443,2012-03-25,23,it1205311
2445,2012-03-26,37,it1200120
2446,2012-03-26,60,it1205311
2448,2012-03-27,58,it1200120
2449,2012-03-27,30,it1205311
2451,2012-03-28,58,it1200120
2452,2012-03-28,70,it1205311
2454,2012-03-29,40,it1200120
2455,2012-03-29,19,it1205311
2457,2012-03-30,66,it1200120
2458,2012-03-30,31,it1205311
2460,2012-03-31,58,it1200120
2461,2012-03-31,19,it1205311
2463,2012-04-01,66,it1200120
2464,2012-04-01,72,it1205311
2466,2012-04-02,21,it1200120
2467,2012-04-02,40,it1205311
2469,2012-04-03,16,it1200120
2470,2012-04-03,54,it1205311
2472,2012-04-04,18,it1200120
2473,2012-04-04,75,it1205311
2475,2012-04-05,73,it1200120
2476,2012-04-05,27,it1205311
2478,2012-04-06,36,it1200120
2479,2012-04-06,40,it1205311
2481,2012-04-07,31,it1200120
2482,2012-04-07,60,it1205311
2484,2012-04-08,34,it1200120
2485,2012-04-08,31,it1205311
2487,2012-04-09,64,it1200120
2488,2012-04-09,49,it1205311
2490,2012-04-10,73,it1200120
2491,2012-04-10,64,it1205311
2493,2012-04-11,60,it1200120
2494,2012-04-11,42,it1205311
2496,2012-04-12,45,it1200120
2497,2012-04-12,54,it1205311
2499,2012-04-13,57,it1200120
2500,2012-04-13,73,it1205311
2502,2012-04-14,49,it1200120
2503,2012-04-14,19,it1205311
2505,2012-04-15,63,it1200120
2506,2012-04-15,45,it1205311
2508,2012-04-16,49,it1200120
2509,2012-04-16,57,it1205311
2511,2012-04-17,40,it1200120
2512,2012-04-17,16,it1205311
2514,2012-04-18,25,it1200120
2515,2012-04-18,50,it1205311
2517,2012-04-19,50,it1200120
2518,2012-04-19,38,it1205311
2520,2012-04-20,46,it1200120
2521,2012-04-20,46,it1205311
2523,2012-04-21,47,it1200120
2524,2012-04-21,20,it1205311
2526,2012-04-22,41,it1200120
2527,2012-04-22,36,it1205311
2529,2012-04-23,13,it1200120
2530,2012-04-23,30,it1205311
2532,2012-04-24,17,it1200120
2533,2012-04-24,33,it1205311
2535,2012-04-25,35,it1200120
2536,2012-04-25,48,it1205311
2538,2012-04-26,27,it1200120
2539,2012-04-26,30,it1205311
2541,2012-04-27,44,it1200120
2542,2012-04-27,42,it1205311
2544,2012-04-28,39,it1200120
2545,2012-04-28,43,it1205311
2547,2012-04-29,14,it1200120
2548,2012-04-29,50,it1205311
2550,2012-04-30,41,it1200120
2551,2012-04-30,44,it1205311
2553,2012-05-01,33,it1200120
2554,2012-05-01,18,it1205311
2556,2012-05-02,35,it1200120
2557,2012-05-02,17,it1205311
2559,2012-05-03,28,it1200120
2560,2012-05-03,25,it1205311
2562,2012-05-04,17,it1200120
2563,2012-05-04,40,it1205311
2565,2012-05-05,38,it1200120
2566,2012-05-05,39,it1205311
2568,2012-05-06,17,it1200120
2569,2012-05-06,14,it1205311
2571,2012-05-07,46,it1200120
2572,2012-05-07,15,it1205311
2574,2012-05-08,31,it1200120
2575,2012-05-08,39,it1205311
2577,2012-05-09,38,it1200120
2578,2012-05-09,27,it1205311
2580,2012-05-10,25,it1200120
2581,2012-05-10,48,it1205311
2583,2012-05-11,21,it1200120
2584,2012-05-11,39,it1205311
2586,2012-05-12,29,it1200120
2587,2012-05-12,30,it1205311
2589,2012-05-13,30,it1200120
2590,2012-05-13,16,it1205311
2592,2012-05-14,22,it1200120
2593,2012-05-14,15,it1205311
2595,2012-05-15,25,it1200120
2596,2012-05-15,41,it1205311
2598,2012-05-16,24,it1200120
2599,2012-05-16,14,it1205311
2601,2012-05-17,39,it1200120
2602,2012-05-17,29,it1205311
2604,2012-05-18,12,it1200120
2605,2012-05-18,10,it1205311
2607,2012-05-19,32,it1200120
2608,2012-05-19,32,it1205311
2610,2012-05-20,20,it1200120
2611,2012-05-20,38,it1205311
2613,2012-05-21,37,it1200120
2614,2012-05-21,33,it1205311
2616,2012-05-22,33,it1200120
2617,2012-05-22,14,it1205311
2619,2012-05-23,46,it1200120
2620,2012-05-23,32,it1205311
2622,2012-05-24,32,it1200120
2623,2012-05-24,30,it1205311
2625,2012-05-25,47,it1200120
2626,2012-05-25,21,it1205311
2628,2012-05-26,43,it1200120
2629,2012-05-26,13,it1205311
2631,2012-05-27,28,it1200120
2632,2012-05-27,39,it1205311
2634,2012-05-28,32,it1200120
2635,2012-05-28,12,it1205311
2637,2012-05-29,37,it1200120
2638,2012-05-29,29,it1205311
2640,2012-05-30,42,it1200120
2641,2012-05-30,13,it1205311
2643,2012-05-31,38,it1200120
2644,2012-05-31,44,it1205311
2646,2012-06-01,18,it1200120
2647,2012-06-01,34,it1205311
2649,2012-06-02,29,it1200120
2650,2012-06-02,43,it1205311
2652,2012-06-03,39,it1200120
2653,2012-06-03,41,it1205311
2655,2012-06-04,48,it1200120
2656,2012-06-04,11,it1205311
2658,2012-06-05,32,it1200120
2659,2012-06-05,49,it1205311
2661,2012-06-06,33,it1200120
2662,2012-06-06,23,it1205311
2664,2012-06-07,30,it1200120
2665,2012-06-07,38,it1205311
2667,2012-06-08,26,it1200120
2668,2012-06-08,25,it1205311
2670,2012-06-09,37,it1200120
2671,2012-06-09,15,it1205311
2673,2012-06-10,48,it1200120
2674,2012-06-10,50,it1205311
2676,2012-06-11,22,it1200120
2677,2012-06-11,17,it1205311
2679,2012-06-12,28,it1200120
2680,2012-06-12,15,it1205311
2682,2012-06-13,23,it1200120
2683,2012-06-13,48,it1205311
2685,2012-06-14,48,it1200120
2686,2012-06-14,30,it1205311
2688,2012-06-15,28,it1200120
2689,2012-06-15,40,it1205311
2691,2012-06-16,40,it1200120
2692,2012-06-16,36,it1205311
2694,2012-06-17,40,it1200120
2695,2012-06-17,45,it1205311
2697,2012-06-18,44,it1200120
2698,2012-06-18,41,it1205311
2700,2012-06-19,35,it1200120
2701,2012-06-19,43,it1205311
2703,2012-06-20,43,it1200120
2704,2012-06-20,42,it1205311
2706,2012-06-21,11,it1200120
2707,2012-06-21,26,it1205311
2709,2012-06-22,11,it1200120
2710,2012-06-22,10,it1205311
2712,2012-06-23,44,it1200120
2713,2012-06-23,38,it1205311
2715,2012-06-24,11,it1200120
2716,2012-06-24,50,it1205311
2718,2012-06-25,40,it1200120
2719,2012-06-25,40,it1205311
2721,2012-06-26,45,it1200120
2722,2012-06-26,13,it1205311
2724,2012-06-27,15,it1200120
2725,2012-06-27,21,it1205311
2727,2012-06-28,24,it1200120
2728,2012-06-28,10,it1205311
2730,2012-06-29,15,it1200120
2731,2012-06-29,11,it1205311
2733,2012-06-30,24,it1200120
2734,2012-06-30,30,it1205311
2736,2012-07-01,20,it1200120
2737,2012-07-01,44,it1205311
2739,2012-07-02,47,it1200120
2740,2012-07-02,48,it1205311
2742,2012-07-03,31,it1200120
2743,2012-07-03,36,it1205311
2745,2012-07-04,33,it1200120
2746,2012-07-04,31,it1205311
2748,2012-07-05,12,it1200120
2749,2012-07-05,26,it1205311
2751,2012-07-06,19,it1200120
2752,2012-07-06,33,it1205311
2754,2012-07-07,11,it1200120
2755,2012-07-07,15,it1205311
2757,2012-07-08,35,it1200120
2758,2012-07-08,44,it1205311
2760,2012-07-09,28,it1200120
2761,2012-07-09,15,it1205311
2763,2012-07-10,48,it1200120
2764,2012-07-10,31,it1205311
2766,2012-07-11,17,it1200120
2767,2012-07-11,32,it1205311
2769,2012-07-12,40,it1200120
2770,2012-07-12,31,it1205311
2772,2012-07-13,50,it1200120
2773,2012-07-13,36,it1205311
2775,2012-07-14,21,it1200120
2776,2012-07-14,49,it1205311
2778,2012-07-15,44,it1200120
2779,2012-07-15,26,it1205311
2781,2012-07-16,31,it1200120
2782,2012-07-16,39,it1205311
2784,2012-07-17,37,it1200120
2785,2012-07-17,47,it1205311
2787,2012-07-18,15,it1200120
2788,2012-07-18,20,it1205311
2790,2012-07-19,10,it1200120
2791,2012-07-19,24,it1205311
2793,2012-07-20,47,it1200120
2794,2012-07-20,31,it1205311
2796,2012-07-21,21,it1200120
2797,2012-07-21,17,it1205311
2799,2012-07-22,30,it1200120
2800,2012-07-22,12,it1205311
2802,2012-07-23,45,it1200120
2803,2012-07-23,35,it1205311
2805,2012-07-24,41,it1200120
2806,2012-07-24,44,it1205311
2808,2012-07-25,13,it1200120
2809,2012-07-25,50,it1205311
2811,2012-07-26,20,it1200120
2812,2012-07-26,29,it1205311
2814,2012-07-27,35,it1200120
2815,2012-07-27,17,it1205311
2817,2012-07-28,38,it1200120
2818,2012-07-28,36,it1205311
2820,2012-07-29,41,it1200120
2821,2012-07-29,14,it1205311
2823,2012-07-30,50,it1200120
2824,2012-07-30,41,it1205311
2826,2012-07-31,14,it1200120
2827,2012-07-31,22,it1205311
2829,2012-08-01,45,it1200120
2830,2012-08-01,25,it1205311
2832,2012-08-02,49,it1200120
2833,2012-08-02,30,it1205311
2835,2012-08-03,19,it1200120
2836,2012-08-03,20,it1205311
2838,2012-08-04,34,it1200120
2839,2012-08-04,30,it1205311
2841,2012-08-05,34,it1200120
2842,2012-08-05,25,it1205311
2844,2012-08-06,34,it1200120
2845,2012-08-06,29,it1205311
2847,2012-08-07,29,it1200120
2848,2012-08-07,49,it1205311
2850,2012-08-08,20,it1200120
2851,2012-08-08,20,it1205311
2853,2012-08-09,50,it1200120
2854,2012-08-09,18,it1205311
2856,2012-08-10,25,it1200120
2857,2012-08-10,19,it1205311
2859,2012-08-11,50,it1200120
2860,2012-08-11,23,it1205311
2862,2012-08-12,15,it1200120
2863,2012-08-12,39,it1205311
2865,2012-08-13,25,it1200120
2866,2012-08-13,26,it1205311
2868,2012-08-14,11,it1200120
2869,2012-08-14,37,it1205311
2871,2012-08-15,47,it1200120
2872,2012-08-15,28,it1205311
2874,2012-08-16,48,it1200120
2875,2012-08-16,28,it1205311
2877,2012-08-17,41,it1200120
2878,2012-08-17,38,it1205311
2880,2012-08-18,36,it1200120
2881,2012-08-18,15,it1205311
2883,2012-08-19,14,it1200120
2884,2012-08-19,40,it1205311
2886,2012-08-20,48,it1200120
2887,2012-08-20,44,it1205311
2889,2012-08-21,40,it1200120
2890,2012-08-21,30,it1205311
2892,2012-08-22,44,it1200120
2893,2012-08-22,13,it1205311
2895,2012-08-23,40,it1200120
2896,2012-08-23,48,it1205311
2898,2012-08-24,25,it1200120
2899,2012-08-24,13,it1205311
2901,2012-08-25,26,it1200120
2902,2012-08-25,32,it1205311
2904,2012-08-26,50,it1200120
2905,2012-08-26,41,it1205311
2907,2012-08-27,28,it1200120
2908,2012-08-27,16,it1205311
2910,2012-08-28,22,it1200120
2911,2012-08-28,28,it1205311
2913,2012-08-29,42,it1200120
2914,2012-08-29,25,it1205311
2916,2012-08-30,20,it1200120
2917,2012-08-30,32,it1205311
2919,2012-08-31,46,it1200120
2920,2012-08-31,42,it1205311
2922,2012-09-01,44,it1200120
2923,2012-09-01,40,it1205311
2925,2012-09-02,32,it1200120
2926,2012-09-02,41,it1205311
2928,2012-09-03,28,it1200120
2929,2012-09-03,12,it1205311
2931,2012-09-04,48,it1200120
2932,2012-09-04,34,it1205311
2934,2012-09-05,46,it1200120
2935,2012-09-05,50,it1205311
2937,2012-09-06,15,it1200120
2938,2012-09-06,35,it1205311
2940,2012-09-07,37,it1200120
2941,2012-09-07,31,it1205311
2943,2012-09-08,10,it1200120
2944,2012-09-08,31,it1205311
2946,2012-09-09,15,it1200120
2947,2012-09-09,18,it1205311
2949,2012-09-10,22,it1200120
2950,2012-09-10,42,it1205311
2952,2012-09-11,33,it1200120
2953,2012-09-11,11,it1205311
2955,2012-09-12,40,it1200120
2956,2012-09-12,34,it1205311
2958,2012-09-13,39,it1200120
2959,2012-09-13,29,it1205311
2961,2012-09-14,31,it1200120
2962,2012-09-14,29,it1205311
2964,2012-09-15,47,it1200120
2965,2012-09-15,18,it1205311
2967,2012-09-16,50,it1200120
2968,2012-09-16,38,it1205311
2970,2012-09-17,42,it1200120
2971,2012-09-17,11,it1205311
2973,2012-09-18,19,it1200120
2974,2012-09-18,18,it1205311
2976,2012-09-19,45,it1200120
2977,2012-09-19,40,it1205311
2979,2012-09-20,41,it1200120
2980,2012-09-20,22,it1205311
2982,2012-09-21,40,it1200120
2983,2012-09-21,46,it1205311
2985,2012-09-22,32,it1200120
2986,2012-09-22,12,it1205311
2988,2012-09-23,27,it1200120
2989,2012-09-23,32,it1205311
2991,2012-09-24,47,it1200120
2992,2012-09-24,31,it1205311
2994,2012-09-25,26,it1200120
2995,2012-09-25,50,it1205311
2997,2012-09-26,29,it1200120
2998,2012-09-26,33,it1205311
3000,2012-09-27,17,it1200120
3001,2012-09-27,27,it1205311
3003,2012-09-28,44,it1200120
3004,2012-09-28,47,it1205311
3006,2012-09-29,37,it1200120
3007,2012-09-29,16,it1205311
3009,2012-09-30,32,it1200120
3010,2012-09-30,21,it1205311
3012,2012-10-01,16,it1200120
3013,2012-10-01,37,it1205311
3015,2012-10-02,10,it1200120
3016,2012-10-02,12,it1205311
3018,2012-10-03,20,it1200120
3019,2012-10-03,20,it1205311
3021,2012-10-04,10,it1200120
3022,2012-10-04,20,it1205311
3024,2012-10-05,20,it1200120
3025,2012-10-05,35,it1205311
3027,2012-10-06,36,it1200120
3028,2012-10-06,10,it1205311
3030,2012-10-07,36,it1200120
3031,2012-10-07,33,it1205311
3033,2012-10-08,18,it1200120
3034,2012-10-08,50,it1205311
3036,2012-10-09,22,it1200120
3037,2012-10-09,12,it1205311
3039,2012-10-10,31,it1200120
3040,2012-10-10,13,it1205311
3042,2012-10-11,26,it1200120
3043,2012-10-11,22,it1205311
3045,2012-10-12,34,it1200120
3046,2012-10-12,45,it1205311
3048,2012-10-13,25,it1200120
3049,2012-10-13,48,it1205311
3051,2012-10-14,49,it1200120
3052,2012-10-14,20,it1205311
3054,2012-10-15,14,it1200120
3055,2012-10-15,33,it1205311
3057,2012-10-16,26,it1200120
3058,2012-10-16,21,it1205311
3060,2012-10-17,28,it1200120
3061,2012-10-17,37,it1205311
3063,2012-10-18,16,it1200120
3064,2012-10-18,40,it1205311
3066,2012-10-19,43,it1200120
3067,2012-10-19,24,it1205311
3069,2012-10-20,27,it1200120
3070,2012-10-20,41,it1205311
3072,2012-10-21,50,it1200120
3073,2012-10-21,40,it1205311
3075,2012-10-22,25,it1200120
3076,2012-10-22,41,it1205311
3078,2012-10-23,39,it1200120
3079,2012-10-23,25,it1205311
3081,2012-10-24,46,it1200120
3082,2012-10-24,28,it1205311
3084,2012-10-25,42,it1200120
3085,2012-10-25,26,it1205311
3087,2012-10-26,24,it1200120
3088,2012-10-26,14,it1205311
3090,2012-10-27,48,it1200120
3091,2012-10-27,33,it1205311
3093,2012-10-28,32,it1200120
3094,2012-10-28,12,it1205311
3096,2012-10-29,41,it1200120
3097,2012-10-29,40,it1205311
3099,2012-10-30,50,it1200120
3100,2012-10-30,19,it1205311
3102,2012-10-31,12,it1200120
3103,2012-10-31,41,it1205311
3105,2012-11-01,16,it1200120
3106,2012-11-01,33,it1205311
3108,2012-11-02,35,it1200120
3109,2012-11-02,32,it1205311
3111,2012-11-03,20,it1200120
3112,2012-11-03,35,it1205311
3114,2012-11-04,46,it1200120
3115,2012-11-04,20,it1205311
3117,2012-11-05,15,it1200120
3118,2012-11-05,27,it1205311
3120,2012-11-06,45,it1200120
3121,2012-11-06,29,it1205311
3123,2012-11-07,20,it1200120
3124,2012-11-07,21,it1205311
3126,2012-11-08,34,it1200120
3127,2012-11-08,44,it1205311
3129,2012-11-09,39,it1200120
3130,2012-11-09,29,it1205311
3132,2012-11-10,16,it1200120
3133,2012-11-10,26,it1205311
3135,2012-11-11,17,it1200120
3136,2012-11-11,44,it1205311
3138,2012-11-12,17,it1200120
3139,2012-11-12,38,it1205311
3141,2012-11-13,11,it1200120
3142,2012-11-13,37,it1205311
3144,2012-11-14,14,it1200120
3145,2012-11-14,37,it1205311
3147,2012-11-15,16,it1200120
3148,2012-11-15,46,it1205311
3150,2012-11-16,46,it1200120
3151,2012-11-16,32,it1205311
3153,2012-11-17,15,it1200120
3154,2012-11-17,19,it1205311
3156,2012-11-18,30,it1200120
3157,2012-11-18,45,it1205311
3159,2012-11-19,25,it1200120
3160,2012-11-19,22,it1205311
3162,2012-11-20,16,it1200120
3163,2012-11-20,47,it1205311
3165,2012-11-21,16,it1200120
3166,2012-11-21,25,it1205311
3168,2012-11-22,14,it1200120
3169,2012-11-22,19,it1205311
3171,2012-11-23,48,it1200120
3172,2012-11-23,43,it1205311
3174,2012-11-24,19,it1200120
3175,2012-11-24,14,it1205311
3177,2012-11-25,46,it1200120
3178,2012-11-25,19,it1205311
3180,2012-11-26,44,it1200120
3181,2012-11-26,39,it1205311
3183,2012-11-27,19,it1200120
3184,2012-11-27,35,it1205311
3186,2012-11-28,35,it1200120
3187,2012-11-28,28,it1205311
3189,2012-11-29,17,it1200120
3190,2012-11-29,17,it1205311
3192,2012-11-30,42,it1200120
3193,2012-11-30,28,it1205311
3195,2012-12-01,21,it1200120
3196,2012-12-01,20,it1205311
3198,2012-12-02,44,it1200120
3199,2012-12-02,25,it1205311
3201,2012-12-03,34,it1200120
3202,2012-12-03,37,it1205311
3204,2012-12-04,48,it1200120
3205,2012-12-04,43,it1205311
3207,2012-12-05,48,it1200120
3208,2012-12-05,25,it1205311
3210,2012-12-06,37,it1200120
3211,2012-12-06,47,it1205311
3213,2012-12-07,44,it1200120
3214,2012-12-07,33,it1205311
3216,2012-12-08,12,it1200120
3217,2012-12-08,41,it1205311
3219,2012-12-09,38,it1200120
3220,2012-12-09,26,it1205311
3222,2012-12-10,55,it1200120
3223,2012-12-10,73,it1205311
3225,2012-12-11,40,it1200120
3226,2012-12-11,24,it1205311
3228,2012-12-12,52,it1200120
3229,2012-12-12,54,it1205311
3231,2012-12-13,63,it1200120
3232,2012-12-13,30,it1205311
3234,2012-12-14,45,it1200120
3235,2012-12-14,43,it1205311
3237,2012-12-15,63,it1200120
3238,2012-12-15,66,it1205311
3240,2012-12-16,67,it1200120
3241,2012-12-16,28,it1205311
3243,2012-12-17,70,it1200120
3244,2012-12-17,27,it1205311
3246,2012-12-18,33,it1200120
3247,2012-12-18,16,it1205311
3249,2012-12-19,45,it1200120
3250,2012-12-19,16,it1205311
3252,2012-12-20,66,it1200120
3253,2012-12-20,70,it1205311
3255,2012-12-21,66,it1200120
3256,2012-12-21,67,it1205311
3258,2012-12-22,42,it1200120
3259,2012-12-22,52,it1205311
3261,2012-12-23,57,it1200120
3262,2012-12-23,39,it1205311
3264,2012-12-24,43,it1200120
3265,2012-12-24,40,it1205311
3267,2012-12-25,39,it1200120
3268,2012-12-25,35,it1205311
3270,2012-12-26,21,it1200120
3271,2012-12-26,13,it1205311
3273,2012-12-27,17,it1200120
3274,2012-12-27,25,it1205311
3276,2012-12-28,37,it1200120
3277,2012-12-28,33,it1205311
3279,2012-12-29,35,it1200120
3280,2012-12-29,10,it1205311
3282,2012-12-30,11,it1200120
3283,2012-12-30,33,it1205311
3285,2012-12-31,36,it1200120
3286,2012-12-31,48,it1205311
